INSERT INTO dishes (id, kitchen_id, name, description, price, category, ingredients, allergens, nutrition_info, dietary_info, available)
VALUES
('323e4567-e89b-12d3-a456-426614174101', '223e4567-e89b-12d3-a456-426614174001', 'Margherita Pizza', 'Classic Italian pizza with tomato sauce and mozzarella.', 12.99, 'Pizza', '{"dough", "tomato sauce", "mozzarella cheese"}', '{"gluten"}', '{"calories": 850, "fat": 12, "carbs": 140}', '{"vegetarian"}', true),
('323e4567-e89b-12d3-a456-426614174102', '223e4567-e89b-12d3-a456-426614174001', 'Ravioli di Ricotta', 'Homemade ravioli stuffed with ricotta cheese, served with marinara sauce.', 15.50, 'Pasta', '{"ricotta cheese", "pasta dough", "marinara sauce"}', '{"gluten", "dairy"}', '{"calories": 680, "fat": 18, "carbs": 92}', '{"vegetarian"}', true),
('323e4567-e89b-12d3-a456-426614174103', '223e4567-e89b-12d3-a456-426614174002', 'Chocolate Fudge Cake', 'Decadent chocolate cake topped with fudge icing.', 8.75, 'Dessert', '{"chocolate", "flour", "sugar"}', '{"gluten", "dairy"}', '{"calories": 450, "fat": 22, "carbs": 60}', '{"vegetarian"}', true),
('323e4567-e89b-12d3-a456-426614174104', '223e4567-e89b-12d3-a456-426614174002', 'Red Velvet Cupcake', 'Moist red velvet cupcake with cream cheese frosting.', 3.99, 'Dessert', '{"flour", "cocoa powder", "cream cheese"}', '{"gluten", "dairy"}', '{"calories": 320, "fat": 15, "carbs": 42}', '{"vegetarian"}', true),
('323e4567-e89b-12d3-a456-426614174105', '223e4567-e89b-12d3-a456-426614174003', 'Hummus Platter', 'Creamy hummus served with pita bread and fresh vegetables.', 10.25, 'Appetizer', '{"chickpeas", "tahini", "lemon juice"}', '{"gluten"}', '{"calories": 320, "fat": 15, "carbs": 42}', '{"vegan"}', true),
('323e4567-e89b-12d3-a456-426614174106', '223e4567-e89b-12d3-a456-426614174003', 'Falafel Wrap', 'Falafel balls wrapped in pita bread with tahini sauce and salad.', 9.99, 'Wrap', '{"chickpeas", "falafel spices", "pita bread"}', '{"gluten"}', '{"calories": 450, "fat": 18, "carbs": 58}', '{"vegan"}', true),
('323e4567-e89b-12d3-a456-426614174107', '223e4567-e89b-12d3-a456-426614174004', 'Nigiri Sushi', 'Assorted fresh fish slices on seasoned rice, served with soy sauce.', 18.50, 'Sushi', '{"sushi rice", "salmon", "tuna"}', '{"seafood"}', '{"calories": 320, "fat": 12, "carbs": 42}', '{"pescatarian"}', true),
('323e4567-e89b-12d3-a456-426614174108', '223e4567-e89b-12d3-a456-426614174004', 'Dragon Roll', 'Shrimp tempura, avocado, and cucumber topped with eel and avocado slices.', 22.99, 'Sushi', '{"shrimp", "avocado", "eel"}', '{"seafood"}', '{"calories": 520, "fat": 24, "carbs": 68}', '{"pescatarian"}', true),
('323e4567-e89b-12d3-a456-426614174109', '223e4567-e89b-12d3-a456-426614174005', 'Spaghetti Carbonara', 'Pasta with creamy egg sauce, pancetta, and Parmesan cheese.', 14.75, 'Pasta', '{"spaghetti", "eggs", "pancetta"}', '{"gluten", "dairy"}', '{"calories": 620, "fat": 28, "carbs": 72}', '{"non-vegetarian"}', true),
('323e4567-e89b-12d3-a456-426614174110', '223e4567-e89b-12d3-a456-426614174005', 'Lasagna al Forno', 'Layered pasta with Bolognese sauce, ricotta, and mozzarella cheese.', 16.99, 'Pasta', '{"lasagna sheets", "Bolognese sauce", "ricotta cheese"}', '{"gluten", "dairy"}', '{"calories": 720, "fat": 32, "carbs": 82}', '{"non-vegetarian"}', true),
('323e4567-e89b-12d3-a456-426614174111', '223e4567-e89b-12d3-a456-426614174006', 'Cheesecake Slice', 'Creamy New York-style cheesecake with a graham cracker crust.', 6.50, 'Dessert', '{"cream cheese", "graham crackers", "sugar"}', '{"gluten", "dairy"}', '{"calories": 480, "fat": 24, "carbs": 60}', '{"vegetarian"}', true),
('323e4567-e89b-12d3-a456-426614174112', '223e4567-e89b-12d3-a456-426614174006', 'Red Velvet Cupcake', 'Moist red velvet cupcake with cream cheese frosting.', 3.99, 'Dessert', '{"flour", "cocoa powder", "cream cheese"}', '{"gluten", "dairy"}', '{"calories": 320, "fat": 15, "carbs": 42}', '{"vegetarian"}', true),
('323e4567-e89b-12d3-a456-426614174113', '223e4567-e89b-12d3-a456-426614174007', 'Filet Mignon', 'Tender beef filet grilled to perfection, served with seasonal vegetables.', 32.99, 'Entree', '{"beef tenderloin", "seasonal vegetables", "sauce"}', '{"dairy"}', '{"calories": 680, "fat": 38, "carbs": 12}', '{"non-vegetarian"}', true),
('323e4567-e89b-12d3-a456-426614174114', '223e4567-e89b-12d3-a456-426614174007', 'Lobster Risotto', 'Creamy risotto with lobster meat, flavored with saffron and Parmesan.', 28.50, 'Entree', '{"Arborio rice", "lobster meat", "saffron"}', '{"shellfish", "dairy"}', '{"calories": 620, "fat": 26, "carbs": 78}', '{"non-vegetarian"}', true),
('323e4567-e89b-12d3-a456-426614174115', '223e4567-e89b-12d3-a456-426614174008', 'Smoked Brisket', 'Tender smoked brisket with homemade BBQ sauce.', 19.99, 'BBQ', '{"beef brisket", "BBQ sauce", "spices"}', '{"dairy"}', '{"calories": 550, "fat": 32, "carbs": 10}', '{"non-vegetarian"}', true),
('323e4567-e89b-12d3-a456-426614174116', '223e4567-e89b-12d3-a456-426614174008', 'Pulled Pork Sandwich', 'Slow-cooked pulled pork in a bun with coleslaw and BBQ sauce.', 12.75, 'Sandwich', '{"pork shoulder", "coleslaw", "bun"}', '{"dairy"}', '{"calories": 480, "fat": 22, "carbs": 54}', '{"non-vegetarian"}', true),
('323e4567-e89b-12d3-a456-426614174117', '223e4567-e89b-12d3-a456-426614174009', 'Quinoa Salad', 'Fresh quinoa salad with mixed greens, tomatoes, and avocado.', 11.25, 'Salad', '{"quinoa", "mixed greens", "avocado"}', '{"gluten"}', '{"calories": 380, "fat": 18, "carbs": 48}', '{"vegan"}', true),
('323e4567-e89b-12d3-a456-426614174118', '223e4567-e89b-12d3-a456-426614174009', 'Vegan Burger', 'Plant-based burger patty with lettuce, tomato, and vegan cheese.', 13.50, 'Burger', '{"plant-based patty", "vegan cheese", "bun"}', '{"gluten", "soy"}', '{"calories": 420, "fat": 20, "carbs": 38}', '{"vegan"}', true),
('323e4567-e89b-12d3-a456-426614174119', '223e4567-e89b-12d3-a456-426614174010', 'Wine Flight', 'Selection of three wines for tasting.', 25.00, 'Wine', '{"red wine", "white wine"}', '{}', '{"calories": 250, "alcohol": 14, "sugar": 4}', '{"non-vegetarian"}', true),
('323e4567-e89b-12d3-a456-426614174120', '223e4567-e89b-12d3-a456-426614174010', 'Cheese Platter', 'Assorted cheeses with crackers and fruits.', 18.75, 'Appetizer', '{"cheese", "crackers", "fruits"}', '{"dairy"}', '{"calories": 480, "fat": 28, "carbs": 24}', '{"vegetarian"}', true);

INSERT INTO orders (id, user_id, kitchen_id, items, total_amount, status, delivery_address, delivery_time)
VALUES
('423e4567-e89b-12d3-a456-426614175001', '123e4567-e89b-12d3-a456-426614174001', '223e4567-e89b-12d3-a456-426614174001', '[{"dish_id": "323e4567-e89b-12d3-a456-426614174101", "quantity": 2}, {"dish_id": "323e4567-e89b-12d3-a456-426614174102", "quantity": 1}]', 40.48, 'pending', '123 Main St, Anytown, USA', '2024-07-15 18:15:00'),
('423e4567-e89b-12d3-a456-426614175002', '123e4567-e89b-12d3-a456-426614174002', '223e4567-e89b-12d3-a456-426614174002', '[{"dish_id": "323e4567-e89b-12d3-a456-426614174103", "quantity": 1}, {"dish_id": "323e4567-e89b-12d3-a456-426614174104", "quantity": 4}]', 32.71, 'completed', '456 Elm St, Anytown, USA', '2024-07-15 18:30:00'),
('423e4567-e89b-12d3-a456-426614175003', '123e4567-e89b-12d3-a456-426614174003', '223e4567-e89b-12d3-a456-426614174003', '[{"dish_id": "323e4567-e89b-12d3-a456-426614174105", "quantity": 3}, {"dish_id": "323e4567-e89b-12d3-a456-426614174106", "quantity": 2}]', 50.73, 'pending', '789 Oak St, Anytown, USA', '2024-07-15 18:45:00'),
('423e4567-e89b-12d3-a456-426614175004', '123e4567-e89b-12d3-a456-426614174004', '223e4567-e89b-12d3-a456-426614174004', '[{"dish_id": "323e4567-e89b-12d3-a456-426614174107", "quantity": 1}, {"dish_id": "323e4567-e89b-12d3-a456-426614174108", "quantity": 2}]', 59.98, 'completed', '101 Pine St, Anytown, USA', '2024-07-15 19:00:00'),
('423e4567-e89b-12d3-a456-426614175005', '123e4567-e89b-12d3-a456-426614174005', '223e4567-e89b-12d3-a456-426614174005', '[{"dish_id": "323e4567-e89b-12d3-a456-426614174109", "quantity": 2}, {"dish_id": "323e4567-e89b-12d3-a456-426614174110", "quantity": 1}]', 46.49, 'pending', '222 Cedar St, Anytown, USA', '2024-07-15 19:30:00'),
('423e4567-e89b-12d3-a456-426614175006', '123e4567-e89b-12d3-a456-426614174006', '223e4567-e89b-12d3-a456-426614174006', '[{"dish_id": "323e4567-e89b-12d3-a456-426614174111", "quantity": 1}, {"dish_id": "323e4567-e89b-12d3-a456-426614174112", "quantity": 3}]', 31.47, 'completed', '333 Maple St, Anytown, USA', '2024-07-15 20:00:00'),
('423e4567-e89b-12d3-a456-426614175007', '123e4567-e89b-12d3-a456-426614174007', '223e4567-e89b-12d3-a456-426614174007', '[{"dish_id": "323e4567-e89b-12d3-a456-426614174113", "quantity": 2}, {"dish_id": "323e4567-e89b-12d3-a456-426614174114", "quantity": 1}]', 94.49, 'pending', '444 Walnut St, Anytown, USA', '2024-07-15 20:30:00'),
('423e4567-e89b-12d3-a456-426614175008', '123e4567-e89b-12d3-a456-426614174008', '223e4567-e89b-12d3-a456-426614174008', '[{"dish_id": "323e4567-e89b-12d3-a456-426614174115", "quantity": 1}, {"dish_id": "323e4567-e89b-12d3-a456-426614174116", "quantity": 2}]', 54.49, 'completed', '555 Pineapple St, Anytown, USA', '2024-07-15 21:00:00'),
('423e4567-e89b-12d3-a456-426614175009', '123e4567-e89b-12d3-a456-426614174009', '223e4567-e89b-12d3-a456-426614174009', '[{"dish_id": "323e4567-e89b-12d3-a456-426614174117", "quantity": 3}, {"dish_id": "323e4567-e89b-12d3-a456-426614174118", "quantity": 1}]', 58.25, 'pending', '666 Orange St, Anytown, USA', '2024-07-15 21:30:00'),
('423e4567-e89b-12d3-a456-426614175010', '123e4567-e89b-12d3-a456-426614174010', '223e4567-e89b-12d3-a456-426614174010', '[{"dish_id": "323e4567-e89b-12d3-a456-426614174119", "quantity": 2}, {"dish_id": "323e4567-e89b-12d3-a456-426614174120", "quantity": 2}]', 83.50, 'completed', '777 Peach St, Anytown, USA', '2024-07-15 22:00:00');

INSERT INTO reviews (id, order_id, user_id, kitchen_id, rating, comment)
VALUES
('523e4567-e89b-12d3-a456-426614176001', '423e4567-e89b-12d3-a456-426614175001', '123e4567-e89b-12d3-a456-426614174001', '223e4567-e89b-12d3-a456-426614174001', 4.5, 'Delicious Italian dishes, highly recommended.'),
('523e4567-e89b-12d3-a456-426614176002', '423e4567-e89b-12d3-a456-426614175002', '123e4567-e89b-12d3-a456-426614174002', '223e4567-e89b-12d3-a456-426614174002', 4.8, 'Amazing desserts, especially the cakes!'),
('523e4567-e89b-12d3-a456-426614176003', '423e4567-e89b-12d3-a456-426614175003', '123e4567-e89b-12d3-a456-426614174003', '223e4567-e89b-12d3-a456-426614174003', 4.2, 'Good Mediterranean flavors, would order again.'),
('523e4567-e89b-12d3-a456-426614176004', '423e4567-e89b-12d3-a456-426614175004', '123e4567-e89b-12d3-a456-426614174004', '223e4567-e89b-12d3-a456-426614174004', 4.7, 'Excellent sushi selection, fresh and tasty.'),
('523e4567-e89b-12d3-a456-426614176005', '423e4567-e89b-12d3-a456-426614175005', '123e4567-e89b-12d3-a456-426614174005', '223e4567-e89b-12d3-a456-426614174005', 4.3, 'Great pasta dishes, loved the variety.'),
('523e4567-e89b-12d3-a456-426614176006', '423e4567-e89b-12d3-a456-426614175006', '123e4567-e89b-12d3-a456-426614174006', '223e4567-e89b-12d3-a456-426614174006', 4.9, 'Exceptional bakery items, especially the cakes.'),
('523e4567-e89b-12d3-a456-426614176007', '423e4567-e89b-12d3-a456-426614175007', '123e4567-e89b-12d3-a456-426614174007', '223e4567-e89b-12d3-a456-426614174007', 4.6, 'Fine dining experience was superb, recommended.'),
('523e4567-e89b-12d3-a456-426614176008', '423e4567-e89b-12d3-a456-426614175008', '123e4567-e89b-12d3-a456-426614174008', '223e4567-e89b-12d3-a456-426614174008', 4.4, 'Delicious BBQ, loved the smoky flavor.'),
('523e4567-e89b-12d3-a456-426614176009', '423e4567-e89b-12d3-a456-426614175009', '123e4567-e89b-12d3-a456-426614174009', '223e4567-e89b-12d3-a456-426614174009', 4.1, 'Creative vegan dishes, good options for plant-based diet.'),
('523e4567-e89b-12d3-a456-426614176010', '423e4567-e89b-12d3-a456-426614175010', '123e4567-e89b-12d3-a456-426614174010', '223e4567-e89b-12d3-a456-426614174010', 4.0, 'Nice selection of wines, enjoyed the tasting flight.');

INSERT INTO payments (id, order_id, amount, status, method, transaction_id)
VALUES
('623e4567-e89b-12d3-a456-426614177001', '423e4567-e89b-12d3-a456-426614175001', 40.48, 'completed', 'card', 'CARD123456789'),
('623e4567-e89b-12d3-a456-426614177002', '423e4567-e89b-12d3-a456-426614175002', 32.71, 'completed', 'online', 'ONLINE987654321'),
('623e4567-e89b-12d3-a456-426614177003', '423e4567-e89b-12d3-a456-426614175003', 50.73, 'pending', 'card', 'CARD555444333'),
('623e4567-e89b-12d3-a456-426614177004', '423e4567-e89b-12d3-a456-426614175004', 59.98, 'completed', 'online', 'ONLINE222333444'),
('623e4567-e89b-12d3-a456-426614177005', '423e4567-e89b-12d3-a456-426614175005', 46.49, 'completed', 'cash', NULL),
('623e4567-e89b-12d3-a456-426614177006', '423e4567-e89b-12d3-a456-426614175006', 31.47, 'completed', 'card', 'CARD777888999'),
('623e4567-e89b-12d3-a456-426614177007', '423e4567-e89b-12d3-a456-426614175007', 94.49, 'completed', 'online', 'ONLINE111222333'),
('623e4567-e89b-12d3-a456-426614177008', '423e4567-e89b-12d3-a456-426614175008', 54.49, 'completed', 'card', 'CARD456789012'),
('623e4567-e89b-12d3-a456-426614177009', '423e4567-e89b-12d3-a456-426614175009', 58.25, 'pending', 'online', 'ONLINE555666777'),
('623e4567-e89b-12d3-a456-426614177010', '423e4567-e89b-12d3-a456-426614175010', 83.50, 'completed', 'cash', NULL);

INSERT INTO working_hours (kitchen_id, day_of_week, open_time, close_time)
VALUES
('223e4567-e89b-12d3-a456-426614174001', 1, '08:00:00', '18:00:00'), -- Monday
('223e4567-e89b-12d3-a456-426614174001', 2, '08:00:00', '18:00:00'), -- Tuesday
('223e4567-e89b-12d3-a456-426614174001', 3, '08:00:00', '18:00:00'), -- Wednesday
('223e4567-e89b-12d3-a456-426614174001', 4, '08:00:00', '18:00:00'), -- Thursday
('223e4567-e89b-12d3-a456-426614174001', 5, '08:00:00', '18:00:00'), -- Friday
('223e4567-e89b-12d3-a456-426614174001', 6, '09:00:00', '15:00:00'), -- Saturday
('223e4567-e89b-12d3-a456-426614174002', 1, '07:30:00', '17:30:00'), -- Monday
('223e4567-e89b-12d3-a456-426614174002', 2, '07:30:00', '17:30:00'), -- Tuesday
('223e4567-e89b-12d3-a456-426614174002', 3, '07:30:00', '17:30:00'), -- Wednesday
('223e4567-e89b-12d3-a456-426614174002', 4, '07:30:00', '17:30:00'), -- Thursday
('223e4567-e89b-12d3-a456-426614174002', 5, '08:30:00', '18:30:00'); -- Friday
